{"cameraMode":{"drawMode":0,"name":"Shaded","section":"Shading Mode"},"sceneLighting":true,"audioPlay":false,"sceneViewState":{"showFog":true,"showMaterialUpdate":false,"showSkybox":true,"showFlares":true,"showImageEffects":true,"showParticleSystems":true},"in2DMode":false,"pivot":{"x":27.49827003479004,"y":-6.239803314208984,"z":65.61546325683594},"rotation":{"x":0.14208512008190156,"y":0.855059027671814,"z":-0.312825471162796,"w":0.38836345076560976},"size":77.65673065185547,"orthographic":false}