{"cameraMode":{"drawMode":0,"name":"Shaded","section":"Shading Mode"},"sceneLighting":true,"audioPlay":false,"sceneViewState":{"showFog":true,"showMaterialUpdate":false,"showSkybox":true,"showFlares":true,"showImageEffects":true,"showParticleSystems":true},"in2DMode":false,"pivot":{"x":32.93141174316406,"y":17.29409408569336,"z":44.576908111572269},"rotation":{"x":-0.10043913871049881,"y":-0.7670041918754578,"z":0.12395215034484863,"w":-0.6214920878410339},"size":32.39915084838867,"orthographic":false}