{"cameraMode":{"drawMode":0,"name":"Shaded","section":"Shading Mode"},"sceneLighting":true,"audioPlay":false,"sceneViewState":{"showFog":true,"showMaterialUpdate":false,"showSkybox":true,"showFlares":true,"showImageEffects":true,"showParticleSystems":true},"in2DMode":false,"pivot":{"x":1.101961612701416,"y":-1.7995736598968506,"z":65.00341796875},"rotation":{"x":-0.21634764969348908,"y":-0.6852887868881226,"z":0.22536517679691316,"w":-0.6578628420829773},"size":89.1321792602539,"orthographic":false}