{"cameraMode":{"drawMode":0,"name":"Shaded","section":"Shading Mode"},"sceneLighting":true,"audioPlay":false,"sceneViewState":{"showFog":true,"showMaterialUpdate":false,"showSkybox":true,"showFlares":true,"showImageEffects":true,"showParticleSystems":true},"in2DMode":false,"pivot":{"x":37.77484130859375,"y":15.406036376953125,"z":40.32962417602539},"rotation":{"x":-0.209579199552536,"y":-0.7413121461868286,"z":0.2686879336833954,"w":-0.5782212615013123},"size":79.25389099121094,"orthographic":false}