{"cameraMode":{"drawMode":0,"name":"Shaded","section":"Shading Mode"},"sceneLighting":true,"audioPlay":false,"sceneViewState":{"showFog":true,"showMaterialUpdate":false,"showSkybox":true,"showFlares":true,"showImageEffects":true,"showParticleSystems":true},"in2DMode":false,"pivot":{"x":-4.6028032302856449,"y":6.12220573425293,"z":-1.2856841087341309},"rotation":{"x":-0.362432062625885,"y":-0.597488522529602,"z":0.34585466980934145,"w":-0.6261270642280579},"size":21.862497329711915,"orthographic":false}