{"cameraMode":{"drawMode":0,"name":"Shaded","section":"Shading Mode"},"sceneLighting":true,"audioPlay":false,"sceneViewState":{"showFog":true,"showMaterialUpdate":false,"showSkybox":true,"showFlares":true,"showImageEffects":true,"showParticleSystems":true},"in2DMode":false,"pivot":{"x":32.25796127319336,"y":13.036029815673829,"z":48.91666793823242},"rotation":{"x":0.1997625231742859,"y":0.7805818915367127,"z":-0.3083617091178894,"w":0.5056679248809815},"size":64.05182647705078,"orthographic":false}