{"cameraMode":{"drawMode":0,"name":"Shaded","section":"Shading Mode"},"sceneLighting":true,"audioPlay":false,"sceneViewState":{"showFog":true,"showMaterialUpdate":false,"showSkybox":true,"showFlares":true,"showImageEffects":true,"showParticleSystems":true},"in2DMode":false,"pivot":{"x":33.27825927734375,"y":-2.7006072998046877,"z":67.85067749023438},"rotation":{"x":0.09377960860729218,"y":-0.7179404497146606,"z":0.6826710104942322,"w":0.0986270159482956},"size":68.10127258300781,"orthographic":false}